Plate,Well,QCFlag_isSaturated,QCFlag_isBlurry
41744,a01,0,0
41744,a02,0,0
41744,a03,0,0
41744,a04,1,0
41744,a05,0,0
41744,a06,0,0
41744,a07,0,0
41744,a08,0,0
41744,a09,0,0
41744,a10,0,0
41744,a11,0,0
41744,a12,0,0
41744,a13,0,0
41744,a14,0,0
41744,a15,0,0
41744,a16,0,0
41744,a17,0,0
41744,a18,0,0
41744,a19,0,0
41744,a20,0,0
41744,a21,0,0
41744,a22,0,0
41744,a23,1,0
41744,a24,0,0
41744,b01,0,0
41744,b02,0,0
41744,b03,0,0
41744,b04,0,0
41744,b05,1,0
41744,b06,0,0
41744,b07,0,0
41744,b08,0,0
41744,b09,0,0
41744,b10,0,0
41744,b11,0,0
41744,b12,0,0
41744,b13,1,0
41744,b14,0,0
41744,b15,0,0
41744,b16,0,0
41744,b17,0,0
41744,b18,0,0
41744,b19,0,0
41744,b20,0,0
41744,b21,0,0
41744,b22,0,0
41744,b23,0,0
41744,b24,0,0
41744,c01,0,0
41744,c02,0,0
41744,c03,0,0
41744,c04,0,0
41744,c05,0,0
41744,c06,0,0
41744,c07,0,0
41744,c08,0,0
41744,c09,0,0
41744,c10,1,0
41744,c11,0,0
41744,c12,0,0
41744,c13,1,0
41744,c14,0,0
41744,c15,0,0
41744,c16,0,0
41744,c17,0,0
41744,c18,0,0
41744,c19,0,0
41744,c20,0,0
41744,c21,0,0
41744,c22,0,0
41744,c23,1,0
41744,c24,0,0
41744,d01,0,0
41744,d02,0,0
41744,d03,0,0
41744,d04,0,0
41744,d05,0,0
41744,d06,0,0
41744,d07,0,0
41744,d08,0,0
41744,d09,0,0
41744,d10,0,0
41744,d11,0,0
41744,d12,0,0
41744,d13,0,0
41744,d14,0,0
41744,d15,0,0
41744,d16,0,0
41744,d17,0,0
41744,d18,0,0
41744,d19,0,0
41744,d20,0,0
41744,d21,0,0
41744,d22,0,0
41744,d23,0,0
41744,d24,0,0
41744,e01,0,0
41744,e02,0,0
41744,e03,1,0
41744,e04,0,0
41744,e05,0,0
41744,e06,0,0
41744,e07,0,0
41744,e08,0,0
41744,e09,0,0
41744,e10,0,0
41744,e11,0,0
41744,e12,0,0
41744,e13,0,0
41744,e14,0,0
41744,e15,0,0
41744,e16,0,0
41744,e17,0,0
41744,e18,0,0
41744,e19,0,0
41744,e20,0,0
41744,e21,0,0
41744,e22,0,0
41744,e23,0,0
41744,e24,0,0
41744,f01,0,0
41744,f02,0,0
41744,f03,0,0
41744,f04,0,0
41744,f05,0,0
41744,f06,0,0
41744,f07,0,0
41744,f08,0,0
41744,f09,0,0
41744,f10,0,0
41744,f11,0,0
41744,f12,0,0
41744,f13,0,0
41744,f14,0,0
41744,f15,0,0
41744,f16,0,0
41744,f17,0,0
41744,f18,0,0
41744,f19,0,0
41744,f20,0,0
41744,f21,0,0
41744,f22,0,0
41744,f23,0,0
41744,f24,0,0
41744,g01,0,0
41744,g02,0,0
41744,g03,3,0
41744,g04,0,0
41744,g05,0,0
41744,g06,0,0
41744,g07,0,0
41744,g08,0,0
41744,g09,0,0
41744,g10,0,0
41744,g11,1,0
41744,g12,0,0
41744,g13,0,0
41744,g14,0,0
41744,g15,0,0
41744,g16,0,0
41744,g17,0,0
41744,g18,0,0
41744,g19,0,0
41744,g20,0,0
41744,g21,0,0
41744,g22,0,0
41744,g23,0,0
41744,g24,0,0
41744,h01,0,0
41744,h02,0,0
41744,h03,1,0
41744,h04,0,0
41744,h05,0,0
41744,h06,0,0
41744,h07,0,0
41744,h08,0,0
41744,h09,0,0
41744,h10,0,0
41744,h11,0,0
41744,h12,0,0
41744,h13,0,0
41744,h14,0,0
41744,h15,0,0
41744,h16,0,0
41744,h17,0,0
41744,h18,0,0
41744,h19,0,0
41744,h20,1,0
41744,h21,0,0
41744,h22,0,0
41744,h23,0,0
41744,h24,0,0
41744,i01,0,0
41744,i02,0,0
41744,i03,1,0
41744,i04,0,0
41744,i05,0,0
41744,i06,0,0
41744,i07,1,0
41744,i08,0,0
41744,i09,0,0
41744,i10,0,0
41744,i11,0,0
41744,i12,0,0
41744,i13,0,0
41744,i14,0,0
41744,i15,0,0
41744,i16,0,0
41744,i17,0,0
41744,i18,0,0
41744,i19,0,0
41744,i20,0,0
41744,i21,0,0
41744,i22,0,0
41744,i23,0,0
41744,i24,0,0
41744,j01,0,0
41744,j02,0,0
41744,j03,0,0
41744,j04,0,0
41744,j05,0,0
41744,j06,0,0
41744,j07,0,0
41744,j08,0,0
41744,j09,0,0
41744,j10,0,0
41744,j11,0,0
41744,j12,0,0
41744,j13,0,0
41744,j14,0,0
41744,j15,0,0
41744,j16,0,0
41744,j17,0,0
41744,j18,1,0
41744,j19,0,0
41744,j20,0,0
41744,j21,0,0
41744,j22,0,0
41744,j23,0,0
41744,j24,0,0
41744,k01,1,0
41744,k02,0,0
41744,k03,0,0
41744,k04,0,0
41744,k05,0,0
41744,k06,0,0
41744,k07,1,0
41744,k08,0,0
41744,k09,0,0
41744,k10,0,0
41744,k11,0,0
41744,k12,0,0
41744,k13,0,0
41744,k14,0,0
41744,k15,0,0
41744,k16,0,0
41744,k17,0,0
41744,k18,0,0
41744,k19,0,0
41744,k20,0,0
41744,k21,1,0
41744,k22,1,0
41744,k23,0,0
41744,k24,0,0
41744,l01,0,0
41744,l02,0,0
41744,l03,0,0
41744,l04,1,0
41744,l05,0,0
41744,l06,0,0
41744,l07,0,0
41744,l08,0,0
41744,l09,0,0
41744,l10,0,0
41744,l11,0,0
41744,l12,0,0
41744,l13,0,0
41744,l14,0,0
41744,l15,0,0
41744,l16,0,0
41744,l17,0,0
41744,l18,0,0
41744,l19,0,0
41744,l20,0,0
41744,l21,0,0
41744,l22,0,0
41744,l23,0,0
41744,l24,0,0
41744,m01,0,0
41744,m02,0,0
41744,m03,0,0
41744,m04,1,0
41744,m05,0,0
41744,m06,0,0
41744,m07,0,0
41744,m08,0,0
41744,m09,0,0
41744,m10,0,0
41744,m11,2,0
41744,m12,0,0
41744,m13,0,0
41744,m14,0,0
41744,m15,1,0
41744,m16,0,0
41744,m17,0,0
41744,m18,0,0
41744,m19,0,0
41744,m20,1,0
41744,m21,0,0
41744,m22,0,0
41744,m23,0,0
41744,m24,0,0
41744,n01,0,0
41744,n02,0,0
41744,n03,0,0
41744,n04,0,0
41744,n05,0,0
41744,n06,0,0
41744,n07,0,0
41744,n08,0,0
41744,n09,0,0
41744,n10,0,0
41744,n11,0,0
41744,n12,0,0
41744,n13,0,0
41744,n14,0,0
41744,n15,0,0
41744,n16,0,0
41744,n17,1,0
41744,n18,0,0
41744,n19,0,0
41744,n20,0,0
41744,n21,0,0
41744,n22,0,0
41744,n23,0,0
41744,n24,0,0
41744,o01,0,0
41744,o02,0,0
41744,o03,0,0
41744,o04,0,0
41744,o05,0,0
41744,o06,0,0
41744,o07,0,0
41744,o08,0,0
41744,o09,0,0
41744,o10,0,0
41744,o11,0,0
41744,o12,0,0
41744,o13,0,0
41744,o14,0,0
41744,o15,0,0
41744,o16,0,0
41744,o17,0,0
41744,o18,0,0
41744,o19,0,0
41744,o20,0,0
41744,o21,0,0
41744,o22,0,0
41744,o23,0,0
41744,o24,0,0
41744,p01,0,0
41744,p02,0,0
41744,p03,0,0
41744,p04,0,0
41744,p05,0,0
41744,p06,0,0
41744,p07,0,0
41744,p08,0,0
41744,p09,0,0
41744,p10,0,0
41744,p11,0,0
41744,p12,0,0
41744,p13,0,0
41744,p14,0,0
41744,p15,0,0
41744,p16,0,0
41744,p17,0,0
41744,p18,1,0
41744,p19,0,0
41744,p20,0,0
41744,p21,1,0
41744,p22,1,0
41744,p23,0,0
41744,p24,1,0
41749,a01,0,0
41749,a02,0,0
41749,a03,0,0
41749,a04,0,0
41749,a05,0,0
41749,a06,0,0
41749,a07,0,0
41749,a08,0,0
41749,a09,0,0
41749,a10,0,0
41749,a11,0,0
41749,a12,0,0
41749,a13,0,0
41749,a14,0,0
41749,a15,0,0
41749,a16,0,0
41749,a17,0,0
41749,a18,0,0
41749,a19,0,0
41749,a20,0,0
41749,a21,1,0
41749,a22,0,0
41749,a23,0,0
41749,a24,0,0
41749,b01,0,0
41749,b02,0,0
41749,b03,0,0
41749,b04,0,0
41749,b05,0,0
41749,b06,0,0
41749,b07,0,0
41749,b08,0,0
41749,b09,0,0
41749,b10,0,0
41749,b11,0,0
41749,b12,1,0
41749,b13,0,0
41749,b14,0,0
41749,b15,0,0
41749,b16,0,0
41749,b17,0,0
41749,b18,0,0
41749,b19,0,0
41749,b20,0,0
41749,b21,0,0
41749,b22,0,0
41749,b23,1,0
41749,b24,0,0
41749,c01,0,0
41749,c02,0,0
41749,c03,1,0
41749,c04,0,0
41749,c05,0,0
41749,c06,0,0
41749,c07,1,0
41749,c08,0,0
41749,c09,0,0
41749,c10,0,0
41749,c11,1,0
41749,c12,0,0
41749,c13,0,0
41749,c14,1,0
41749,c15,0,0
41749,c16,0,0
41749,c17,0,0
41749,c18,0,0
41749,c19,0,0
41749,c20,0,0
41749,c21,0,0
41749,c22,0,0
41749,c23,0,0
41749,c24,0,0
41749,d01,0,0
41749,d02,0,0
41749,d03,0,0
41749,d04,0,0
41749,d05,0,0
41749,d06,0,0
41749,d07,0,0
41749,d08,0,0
41749,d09,0,0
41749,d10,0,0
41749,d11,0,0
41749,d12,0,0
41749,d13,0,0
41749,d14,0,0
41749,d15,0,0
41749,d16,0,0
41749,d17,0,0
41749,d18,0,0
41749,d19,0,0
41749,d20,1,0
41749,d21,0,0
41749,d22,0,0
41749,d23,0,0
41749,d24,0,0
41749,e01,0,0
41749,e02,0,0
41749,e03,0,0
41749,e04,0,0
41749,e05,1,0
41749,e06,0,0
41749,e07,0,0
41749,e08,0,0
41749,e09,1,0
41749,e10,0,0
41749,e11,0,0
41749,e12,1,0
41749,e13,0,0
41749,e14,1,0
41749,e15,0,0
41749,e16,0,0
41749,e17,0,0
41749,e18,1,0
41749,e19,0,0
41749,e20,0,0
41749,e21,0,0
41749,e22,0,0
41749,e23,0,0
41749,e24,0,0
41749,f01,0,0
41749,f02,0,0
41749,f03,1,0
41749,f04,0,0
41749,f05,0,0
41749,f06,0,0
41749,f07,0,0
41749,f08,1,0
41749,f09,0,0
41749,f10,0,0
41749,f11,1,0
41749,f12,0,0
41749,f13,0,0
41749,f14,0,0
41749,f15,3,0
41749,f16,0,0
41749,f17,0,0
41749,f18,0,0
41749,f19,0,0
41749,f20,1,0
41749,f21,0,0
41749,f22,0,0
41749,f23,0,0
41749,f24,0,0
41749,g01,0,0
41749,g02,0,0
41749,g03,1,0
41749,g04,0,0
41749,g05,0,0
41749,g06,0,0
41749,g07,0,0
41749,g08,1,0
41749,g09,0,0
41749,g10,1,0
41749,g11,0,0
41749,g12,0,0
41749,g13,0,0
41749,g14,0,0
41749,g15,1,0
41749,g16,0,0
41749,g17,0,0
41749,g18,0,0
41749,g19,0,0
41749,g20,1,0
41749,g21,0,0
41749,g22,0,0
41749,g23,0,0
41749,g24,0,0
41749,h01,1,0
41749,h02,0,0
41749,h03,0,0
41749,h04,0,0
41749,h05,0,0
41749,h06,0,0
41749,h07,0,0
41749,h08,1,0
41749,h09,0,0
41749,h10,0,0
41749,h11,0,0
41749,h12,0,0
41749,h13,0,0
41749,h14,0,0
41749,h15,0,0
41749,h16,0,0
41749,h17,0,0
41749,h18,2,0
41749,h19,0,0
41749,h20,0,0
41749,h21,0,0
41749,h22,0,0
41749,h23,0,0
41749,h24,0,0
41749,i01,0,0
41749,i02,0,0
41749,i03,0,0
41749,i04,0,0
41749,i05,0,0
41749,i06,0,0
41749,i07,1,0
41749,i08,0,0
41749,i09,0,0
41749,i10,0,0
41749,i11,1,0
41749,i12,0,0
41749,i13,0,0
41749,i14,0,0
41749,i15,0,0
41749,i16,0,0
41749,i17,0,0
41749,i18,0,0
41749,i19,0,0
41749,i20,0,0
41749,i21,0,0
41749,i22,0,0
41749,i23,0,0
41749,i24,0,0
41749,j01,0,0
41749,j02,0,0
41749,j03,0,0
41749,j04,0,0
41749,j05,0,0
41749,j06,0,0
41749,j07,0,0
41749,j08,0,0
41749,j09,0,0
41749,j10,0,0
41749,j11,0,0
41749,j12,0,0
41749,j13,0,0
41749,j14,0,0
41749,j15,0,0
41749,j16,0,0
41749,j17,0,0
41749,j18,0,0
41749,j19,0,0
41749,j20,0,0
41749,j21,0,0
41749,j22,0,0
41749,j23,0,0
41749,j24,0,0
41749,k01,0,0
41749,k02,0,0
41749,k03,0,0
41749,k04,0,0
41749,k05,0,0
41749,k06,0,0
41749,k07,0,0
41749,k08,0,0
41749,k09,0,0
41749,k10,1,0
41749,k11,0,0
41749,k12,0,0
41749,k13,0,0
41749,k14,0,0
41749,k15,0,0
41749,k16,0,0
41749,k17,0,0
41749,k18,0,0
41749,k19,0,0
41749,k20,0,0
41749,k21,0,0
41749,k22,0,0
41749,k23,0,0
41749,k24,0,0
41749,l01,0,0
41749,l02,0,0
41749,l03,0,0
41749,l04,0,0
41749,l05,0,0
41749,l06,0,0
41749,l07,0,0
41749,l08,0,0
41749,l09,0,0
41749,l10,0,0
41749,l11,2,0
41749,l12,0,0
41749,l13,0,0
41749,l14,0,0
41749,l15,0,0
41749,l16,0,0
41749,l17,0,0
41749,l18,0,0
41749,l19,0,0
41749,l20,0,0
41749,l21,0,0
41749,l22,0,0
41749,l23,0,0
41749,l24,0,0
41749,m01,0,0
41749,m02,0,0
41749,m03,0,0
41749,m04,1,0
41749,m05,0,0
41749,m06,0,0
41749,m07,1,0
41749,m08,0,0
41749,m09,0,0
41749,m10,0,0
41749,m11,0,0
41749,m12,0,0
41749,m13,0,0
41749,m14,0,0
41749,m15,0,0
41749,m16,0,0
41749,m17,0,0
41749,m18,0,0
41749,m19,0,0
41749,m20,0,0
41749,m21,0,0
41749,m22,0,0
41749,m23,0,0
41749,m24,0,0
41749,n01,0,0
41749,n02,0,0
41749,n03,0,0
41749,n04,0,0
41749,n05,0,0
41749,n06,0,0
41749,n07,0,0
41749,n08,0,0
41749,n09,0,0
41749,n10,0,0
41749,n11,0,0
41749,n12,0,0
41749,n13,0,0
41749,n14,0,0
41749,n15,0,0
41749,n16,0,0
41749,n17,0,0
41749,n18,0,0
41749,n19,0,0
41749,n20,0,0
41749,n21,0,0
41749,n22,0,0
41749,n23,0,0
41749,n24,0,0
41749,o01,2,0
41749,o02,0,0
41749,o03,0,0
41749,o04,0,0
41749,o05,0,0
41749,o06,0,0
41749,o07,0,0
41749,o08,0,0
41749,o09,0,0
41749,o10,0,0
41749,o11,0,0
41749,o12,0,0
41749,o13,0,0
41749,o14,0,0
41749,o15,0,0
41749,o16,0,0
41749,o17,0,0
41749,o18,0,0
41749,o19,1,0
41749,o20,0,0
41749,o21,0,0
41749,o22,0,0
41749,o23,0,0
41749,o24,0,0
41749,p01,1,0
41749,p02,0,0
41749,p03,0,0
41749,p04,0,0
41749,p05,0,0
41749,p06,1,0
41749,p07,0,0
41749,p08,0,0
41749,p09,0,0
41749,p10,0,0
41749,p11,0,0
41749,p12,0,0
41749,p13,0,0
41749,p14,0,0
41749,p15,0,0
41749,p16,0,0
41749,p17,0,0
41749,p18,0,0
41749,p19,0,0
41749,p20,1,0
41749,p21,0,0
41749,p22,1,0
41749,p23,0,0
41749,p24,0,0
41754,a01,0,0
41754,a02,0,0
41754,a03,0,0
41754,a04,0,0
41754,a05,0,0
41754,a06,0,0
41754,a07,0,0
41754,a08,0,0
41754,a09,0,0
41754,a10,0,0
41754,a11,0,0
41754,a12,0,0
41754,a13,0,0
41754,a14,0,0
41754,a15,0,0
41754,a16,0,0
41754,a17,0,0
41754,a18,0,0
41754,a19,0,0
41754,a20,0,0
41754,a21,0,0
41754,a22,0,0
41754,a23,0,0
41754,a24,0,0
41754,b01,1,0
41754,b02,0,0
41754,b03,0,0
41754,b04,0,0
41754,b05,1,0
41754,b06,0,0
41754,b07,1,0
41754,b08,0,0
41754,b09,0,0
41754,b10,0,0
41754,b11,0,0
41754,b12,0,0
41754,b13,0,0
41754,b14,0,0
41754,b15,0,0
41754,b16,0,0
41754,b17,0,0
41754,b18,0,0
41754,b19,1,0
41754,b20,0,0
41754,b21,0,0
41754,b22,1,0
41754,b23,0,0
41754,b24,0,0
41754,c01,9,7
41754,c02,0,0
41754,c03,0,0
41754,c04,0,0
41754,c05,0,0
41754,c06,0,0
41754,c07,0,0
41754,c08,0,0
41754,c09,0,0
41754,c10,1,0
41754,c11,0,0
41754,c12,0,0
41754,c13,0,0
41754,c14,0,0
41754,c15,0,0
41754,c16,0,0
41754,c17,0,0
41754,c18,0,0
41754,c19,0,0
41754,c20,2,0
41754,c21,0,0
41754,c22,0,0
41754,c23,0,0
41754,c24,0,0
41754,d01,7,7
41754,d02,0,0
41754,d03,0,0
41754,d04,0,0
41754,d05,0,0
41754,d06,0,0
41754,d07,0,0
41754,d08,0,0
41754,d09,0,0
41754,d10,0,0
41754,d11,0,0
41754,d12,0,0
41754,d13,0,0
41754,d14,0,0
41754,d15,0,0
41754,d16,1,0
41754,d17,0,0
41754,d18,0,0
41754,d19,0,0
41754,d20,0,0
41754,d21,0,0
41754,d22,0,0
41754,d23,0,0
41754,d24,0,0
41754,e01,3,0
41754,e02,0,0
41754,e03,0,0
41754,e04,0,0
41754,e05,0,0
41754,e06,0,0
41754,e07,0,0
41754,e08,0,0
41754,e09,0,0
41754,e10,0,0
41754,e11,0,0
41754,e12,0,0
41754,e13,0,0
41754,e14,0,0
41754,e15,0,0
41754,e16,0,0
41754,e17,0,0
41754,e18,0,0
41754,e19,0,0
41754,e20,1,0
41754,e21,1,0
41754,e22,0,0
41754,e23,0,0
41754,e24,0,0
41754,f01,0,1
41754,f02,0,0
41754,f03,0,0
41754,f04,0,0
41754,f05,0,0
41754,f06,0,0
41754,f07,0,0
41754,f08,2,0
41754,f09,0,0
41754,f10,0,0
41754,f11,0,0
41754,f12,0,0
41754,f13,0,0
41754,f14,0,0
41754,f15,0,0
41754,f16,0,0
41754,f17,0,0
41754,f18,0,0
41754,f19,0,0
41754,f20,0,0
41754,f21,0,0
41754,f22,0,0
41754,f23,0,0
41754,f24,0,0
41754,g01,0,0
41754,g02,1,0
41754,g03,0,0
41754,g04,0,0
41754,g05,0,0
41754,g06,0,0
41754,g07,0,0
41754,g08,0,0
41754,g09,1,0
41754,g10,0,0
41754,g11,0,0
41754,g12,3,0
41754,g13,0,0
41754,g14,1,0
41754,g15,0,0
41754,g16,0,0
41754,g17,0,0
41754,g18,0,0
41754,g19,0,0
41754,g20,0,0
41754,g21,0,0
41754,g22,0,0
41754,g23,0,0
41754,g24,0,0
41754,h01,0,0
41754,h02,0,0
41754,h03,0,0
41754,h04,0,0
41754,h05,0,0
41754,h06,0,0
41754,h07,0,0
41754,h08,0,0
41754,h09,0,0
41754,h10,0,0
41754,h11,0,0
41754,h12,0,0
41754,h13,0,0
41754,h14,1,0
41754,h15,0,0
41754,h16,0,0
41754,h17,1,0
41754,h18,1,0
41754,h19,0,0
41754,h20,0,0
41754,h21,0,0
41754,h22,0,0
41754,h23,0,0
41754,h24,0,0
41754,i01,0,0
41754,i02,0,0
41754,i03,0,0
41754,i04,0,0
41754,i05,0,0
41754,i06,0,0
41754,i07,0,0
41754,i08,0,0
41754,i09,0,0
41754,i10,0,0
41754,i11,0,0
41754,i12,0,0
41754,i13,0,0
41754,i14,0,0
41754,i15,0,0
41754,i16,0,0
41754,i17,0,0
41754,i18,0,0
41754,i19,0,0
41754,i20,0,0
41754,i21,0,0
41754,i22,0,0
41754,i23,1,0
41754,i24,0,0
41754,j01,0,0
41754,j02,0,0
41754,j03,0,0
41754,j04,0,0
41754,j05,0,0
41754,j06,0,0
41754,j07,1,0
41754,j08,0,0
41754,j09,0,0
41754,j10,0,0
41754,j11,0,0
41754,j12,0,0
41754,j13,0,0
41754,j14,1,0
41754,j15,1,0
41754,j16,0,0
41754,j17,0,0
41754,j18,0,0
41754,j19,0,0
41754,j20,0,0
41754,j21,0,0
41754,j22,0,0
41754,j23,0,0
41754,j24,0,0
41754,k01,0,0
41754,k02,0,0
41754,k03,0,0
41754,k04,0,0
41754,k05,0,0
41754,k06,0,0
41754,k07,0,0
41754,k08,0,0
41754,k09,0,0
41754,k10,0,0
41754,k11,0,0
41754,k12,0,0
41754,k13,1,0
41754,k14,0,0
41754,k15,0,0
41754,k16,0,0
41754,k17,1,0
41754,k18,0,0
41754,k19,0,0
41754,k20,0,0
41754,k21,0,0
41754,k22,0,0
41754,k23,1,0
41754,k24,0,0
41754,l01,0,0
41754,l02,0,0
41754,l03,0,0
41754,l04,0,0
41754,l05,0,0
41754,l06,0,0
41754,l07,0,0
41754,l08,2,0
41754,l09,0,0
41754,l10,0,0
41754,l11,0,0
41754,l12,1,0
41754,l13,0,0
41754,l14,0,0
41754,l15,0,0
41754,l16,0,0
41754,l17,0,0
41754,l18,0,0
41754,l19,0,0
41754,l20,0,0
41754,l21,0,0
41754,l22,0,0
41754,l23,0,0
41754,l24,0,0
41754,m01,0,0
41754,m02,1,0
41754,m03,0,0
41754,m04,0,0
41754,m05,0,0
41754,m06,0,0
41754,m07,0,0
41754,m08,0,0
41754,m09,1,0
41754,m10,0,0
41754,m11,0,0
41754,m12,0,0
41754,m13,0,0
41754,m14,0,0
41754,m15,0,0
41754,m16,0,0
41754,m17,0,0
41754,m18,0,0
41754,m19,0,0
41754,m20,0,0
41754,m21,0,0
41754,m22,0,0
41754,m23,0,0
41754,m24,0,0
41754,n01,0,0
41754,n02,0,0
41754,n03,0,0
41754,n04,0,0
41754,n05,0,0
41754,n06,0,0
41754,n07,0,0
41754,n08,0,0
41754,n09,0,0
41754,n10,0,0
41754,n11,1,0
41754,n12,0,0
41754,n13,0,0
41754,n14,0,0
41754,n15,0,0
41754,n16,0,0
41754,n17,0,0
41754,n18,0,0
41754,n19,0,0
41754,n20,0,0
41754,n21,0,0
41754,n22,0,0
41754,n23,0,0
41754,n24,0,0
41754,o01,0,0
41754,o02,0,0
41754,o03,1,0
41754,o04,0,0
41754,o05,0,0
41754,o06,0,0
41754,o07,0,0
41754,o08,1,0
41754,o09,0,0
41754,o10,0,0
41754,o11,0,0
41754,o12,0,0
41754,o13,0,0
41754,o14,0,0
41754,o15,0,0
41754,o16,0,0
41754,o17,0,0
41754,o18,1,0
41754,o19,0,0
41754,o20,0,0
41754,o21,0,0
41754,o22,0,0
41754,o23,0,0
41754,o24,0,0
41754,p01,0,0
41754,p02,0,0
41754,p03,0,0
41754,p04,0,0
41754,p05,0,0
41754,p06,0,0
41754,p07,0,0
41754,p08,0,0
41754,p09,0,0
41754,p10,0,0
41754,p11,0,0
41754,p12,0,0
41754,p13,0,0
41754,p14,0,0
41754,p15,0,0
41754,p16,0,0
41754,p17,0,0
41754,p18,0,0
41754,p19,1,0
41754,p20,0,0
41754,p21,0,0
41754,p22,0,0
41754,p23,0,0
41754,p24,0,0
41755,a01,0,0
41755,a02,0,0
41755,a03,0,0
41755,a04,0,0
41755,a05,0,0
41755,a06,0,0
41755,a07,0,0
41755,a08,0,0
41755,a09,0,0
41755,a10,0,0
41755,a11,0,0
41755,a12,0,0
41755,a13,0,0
41755,a14,0,0
41755,a15,0,0
41755,a16,0,0
41755,a17,0,0
41755,a18,0,0
41755,a19,0,0
41755,a20,1,0
41755,a21,0,0
41755,a22,0,0
41755,a23,0,0
41755,a24,0,0
41755,b01,0,0
41755,b02,0,0
41755,b03,0,0
41755,b04,0,0
41755,b05,0,0
41755,b06,0,0
41755,b07,0,0
41755,b08,0,0
41755,b09,0,0
41755,b10,0,0
41755,b11,0,0
41755,b12,1,0
41755,b13,0,0
41755,b14,0,0
41755,b15,0,0
41755,b16,0,0
41755,b17,0,0
41755,b18,0,0
41755,b19,0,0
41755,b20,0,0
41755,b21,0,0
41755,b22,0,0
41755,b23,0,0
41755,b24,0,0
41755,c01,0,0
41755,c02,1,0
41755,c03,0,0
41755,c04,0,0
41755,c05,0,0
41755,c06,0,0
41755,c07,0,0
41755,c08,0,0
41755,c09,1,0
41755,c10,0,0
41755,c11,0,0
41755,c12,0,0
41755,c13,0,0
41755,c14,0,0
41755,c15,0,0
41755,c16,1,0
41755,c17,1,0
41755,c18,0,0
41755,c19,0,0
41755,c20,0,0
41755,c21,0,0
41755,c22,0,0
41755,c23,0,0
41755,c24,1,0
41755,d01,0,0
41755,d02,0,0
41755,d03,0,0
41755,d04,0,0
41755,d05,0,0
41755,d06,0,0
41755,d07,0,0
41755,d08,0,0
41755,d09,0,0
41755,d10,2,0
41755,d11,0,0
41755,d12,0,0
41755,d13,0,0
41755,d14,0,0
41755,d15,0,0
41755,d16,0,0
41755,d17,0,0
41755,d18,0,0
41755,d19,0,0
41755,d20,0,0
41755,d21,0,0
41755,d22,0,0
41755,d23,0,0
41755,d24,0,0
41755,e01,0,0
41755,e02,0,0
41755,e03,0,0
41755,e04,0,0
41755,e05,0,0
41755,e06,0,0
41755,e07,0,0
41755,e08,0,0
41755,e09,0,0
41755,e10,0,0
41755,e11,0,0
41755,e12,0,0
41755,e13,1,0
41755,e14,0,0
41755,e15,0,0
41755,e16,0,0
41755,e17,0,0
41755,e18,1,0
41755,e19,1,0
41755,e20,0,0
41755,e21,0,0
41755,e22,0,0
41755,e23,0,0
41755,e24,0,0
41755,f01,1,0
41755,f02,0,0
41755,f03,0,0
41755,f04,0,0
41755,f05,1,0
41755,f06,0,0
41755,f07,0,0
41755,f08,0,0
41755,f09,0,0
41755,f10,2,0
41755,f11,0,0
41755,f12,0,0
41755,f13,1,0
41755,f14,0,0
41755,f15,0,0
41755,f16,0,0
41755,f17,0,0
41755,f18,0,0
41755,f19,0,0
41755,f20,0,0
41755,f21,0,0
41755,f22,0,0
41755,f23,0,0
41755,f24,0,0
41755,g01,0,0
41755,g02,0,0
41755,g03,0,0
41755,g04,0,0
41755,g05,0,0
41755,g06,0,0
41755,g07,0,0
41755,g08,0,0
41755,g09,0,0
41755,g10,0,0
41755,g11,0,0
41755,g12,0,0
41755,g13,0,0
41755,g14,0,0
41755,g15,0,0
41755,g16,1,0
41755,g17,1,0
41755,g18,0,0
41755,g19,0,0
41755,g20,0,0
41755,g21,0,0
41755,g22,0,0
41755,g23,0,0
41755,g24,0,0
41755,h01,0,0
41755,h02,0,0
41755,h03,0,0
41755,h04,0,0
41755,h05,0,0
41755,h06,0,0
41755,h07,0,0
41755,h08,0,0
41755,h09,0,0
41755,h10,0,0
41755,h11,0,0
41755,h12,0,0
41755,h13,0,0
41755,h14,1,0
41755,h15,0,0
41755,h16,0,0
41755,h17,0,0
41755,h18,0,0
41755,h19,0,0
41755,h20,1,0
41755,h21,0,0
41755,h22,0,0
41755,h23,0,0
41755,h24,0,0
41755,i01,0,0
41755,i02,0,0
41755,i03,0,0
41755,i04,0,0
41755,i05,2,0
41755,i06,0,0
41755,i07,0,0
41755,i08,0,0
41755,i09,0,0
41755,i10,1,0
41755,i11,0,0
41755,i12,0,0
41755,i13,0,0
41755,i14,0,0
41755,i15,0,0
41755,i16,0,0
41755,i17,0,0
41755,i18,0,0
41755,i19,0,0
41755,i20,0,0
41755,i21,0,0
41755,i22,0,0
41755,i23,2,0
41755,i24,1,0
41755,j01,0,0
41755,j02,1,0
41755,j03,0,0
41755,j04,0,0
41755,j05,0,0
41755,j06,0,0
41755,j07,0,0
41755,j08,1,0
41755,j09,0,0
41755,j10,0,0
41755,j11,1,0
41755,j12,0,0
41755,j13,0,0
41755,j14,1,0
41755,j15,0,0
41755,j16,0,0
41755,j17,0,0
41755,j18,0,0
41755,j19,0,0
41755,j20,0,0
41755,j21,0,0
41755,j22,0,0
41755,j23,1,0
41755,j24,0,0
41755,k01,0,0
41755,k02,0,0
41755,k03,0,0
41755,k04,0,0
41755,k05,0,0
41755,k06,0,0
41755,k07,0,0
41755,k08,1,0
41755,k09,0,0
41755,k10,1,0
41755,k11,0,0
41755,k12,0,0
41755,k13,0,0
41755,k14,0,0
41755,k15,0,0
41755,k16,0,0
41755,k17,0,0
41755,k18,0,0
41755,k19,0,0
41755,k20,0,0
41755,k21,0,0
41755,k22,2,0
41755,k23,0,0
41755,k24,0,0
41755,l01,0,0
41755,l02,0,0
41755,l03,0,0
41755,l04,0,0
41755,l05,0,0
41755,l06,0,0
41755,l07,0,0
41755,l08,0,0
41755,l09,0,0
41755,l10,0,0
41755,l11,0,0
41755,l12,0,0
41755,l13,0,0
41755,l14,0,0
41755,l15,0,0
41755,l16,1,0
41755,l17,0,0
41755,l18,0,0
41755,l19,0,0
41755,l20,0,0
41755,l21,0,0
41755,l22,0,0
41755,l23,1,0
41755,l24,1,0
41755,m01,0,0
41755,m02,0,0
41755,m03,0,0
41755,m04,0,0
41755,m05,0,0
41755,m06,0,0
41755,m07,0,0
41755,m08,0,0
41755,m09,0,0
41755,m10,0,0
41755,m11,0,0
41755,m12,0,0
41755,m13,0,0
41755,m14,0,0
41755,m15,0,0
41755,m16,1,0
41755,m17,0,0
41755,m18,0,0
41755,m19,0,0
41755,m20,0,0
41755,m21,0,0
41755,m22,0,0
41755,m23,0,0
41755,m24,1,0
41755,n01,0,0
41755,n02,1,0
41755,n03,0,0
41755,n04,0,0
41755,n05,0,0
41755,n06,0,0
41755,n07,0,0
41755,n08,0,0
41755,n09,0,0
41755,n10,0,0
41755,n11,1,0
41755,n12,0,0
41755,n13,0,0
41755,n14,0,0
41755,n15,1,0
41755,n16,0,0
41755,n17,0,0
41755,n18,0,0
41755,n19,0,0
41755,n20,0,0
41755,n21,0,0
41755,n22,1,0
41755,n23,0,0
41755,n24,0,0
41755,o01,0,0
41755,o02,0,0
41755,o03,0,0
41755,o04,0,0
41755,o05,0,0
41755,o06,0,0
41755,o07,0,0
41755,o08,0,0
41755,o09,0,0
41755,o10,0,0
41755,o11,0,0
41755,o12,0,0
41755,o13,1,0
41755,o14,0,0
41755,o15,0,0
41755,o16,0,0
41755,o17,0,0
41755,o18,0,0
41755,o19,0,0
41755,o20,0,0
41755,o21,1,0
41755,o22,1,0
41755,o23,0,0
41755,o24,1,0
41755,p01,0,0
41755,p02,0,0
41755,p03,0,0
41755,p04,0,0
41755,p05,0,0
41755,p06,0,0
41755,p07,0,0
41755,p08,0,0
41755,p09,0,0
41755,p10,1,0
41755,p11,0,0
41755,p12,0,0
41755,p13,0,0
41755,p14,0,0
41755,p15,0,0
41755,p16,0,0
41755,p17,0,0
41755,p18,0,0
41755,p19,0,0
41755,p20,0,0
41755,p21,0,0
41755,p22,1,0
41755,p23,0,0
41755,p24,0,0
41756,a01,1,0
41756,a02,0,0
41756,a03,0,0
41756,a04,0,0
41756,a05,0,0
41756,a06,0,0
41756,a07,2,0
41756,a08,0,0
41756,a09,0,0
41756,a10,0,0
41756,a11,0,0
41756,a12,0,0
41756,a13,0,0
41756,a14,0,0
41756,a15,0,0
41756,a16,0,0
41756,a17,0,0
41756,a18,0,0
41756,a19,0,0
41756,a20,0,0
41756,a21,0,0
41756,a22,0,0
41756,a23,0,0
41756,a24,0,0
41756,b01,0,0
41756,b02,0,0
41756,b03,0,0
41756,b04,0,0
41756,b05,0,0
41756,b06,0,0
41756,b07,0,0
41756,b08,0,0
41756,b09,0,0
41756,b10,1,0
41756,b11,0,0
41756,b12,0,0
41756,b13,0,0
41756,b14,0,0
41756,b15,0,0
41756,b16,0,0
41756,b17,0,0
41756,b18,0,0
41756,b19,0,0
41756,b20,0,0
41756,b21,0,0
41756,b22,0,0
41756,b23,0,0
41756,b24,0,0
41756,c01,0,0
41756,c02,0,0
41756,c03,0,0
41756,c04,0,0
41756,c05,0,0
41756,c06,0,0
41756,c07,1,0
41756,c08,0,0
41756,c09,0,0
41756,c10,0,0
41756,c11,0,0
41756,c12,0,0
41756,c13,2,0
41756,c14,0,0
41756,c15,0,0
41756,c16,0,0
41756,c17,0,0
41756,c18,0,0
41756,c19,0,0
41756,c20,0,0
41756,c21,0,0
41756,c22,0,0
41756,c23,0,0
41756,c24,0,0
41756,d01,0,0
41756,d02,0,0
41756,d03,0,0
41756,d04,0,0
41756,d05,0,0
41756,d06,0,0
41756,d07,0,0
41756,d08,0,0
41756,d09,0,0
41756,d10,0,0
41756,d11,0,0
41756,d12,0,0
41756,d13,0,0
41756,d14,0,0
41756,d15,0,0
41756,d16,0,0
41756,d17,0,0
41756,d18,0,0
41756,d19,0,0
41756,d20,0,0
41756,d21,0,0
41756,d22,0,0
41756,d23,0,0
41756,d24,0,0
41756,e01,1,0
41756,e02,0,0
41756,e03,0,0
41756,e04,0,0
41756,e05,0,0
41756,e06,0,0
41756,e07,0,0
41756,e08,0,0
41756,e09,0,0
41756,e10,0,0
41756,e11,0,0
41756,e12,0,0
41756,e13,0,0
41756,e14,0,0
41756,e15,0,0
41756,e16,0,0
41756,e17,0,0
41756,e18,0,0
41756,e19,0,0
41756,e20,0,0
41756,e21,0,0
41756,e22,0,0
41756,e23,0,0
41756,e24,0,0
41756,f01,0,0
41756,f02,0,0
41756,f03,0,0
41756,f04,0,0
41756,f05,0,0
41756,f06,0,0
41756,f07,0,0
41756,f08,0,0
41756,f09,0,0
41756,f10,0,0
41756,f11,0,0
41756,f12,0,0
41756,f13,0,0
41756,f14,0,0
41756,f15,0,0
41756,f16,0,0
41756,f17,0,0
41756,f18,0,0
41756,f19,0,0
41756,f20,0,0
41756,f21,0,0
41756,f22,0,0
41756,f23,0,0
41756,f24,0,0
41756,g01,0,0
41756,g02,0,0
41756,g03,0,0
41756,g04,0,0
41756,g05,0,0
41756,g06,0,0
41756,g07,1,0
41756,g08,0,0
41756,g09,0,0
41756,g10,0,0
41756,g11,0,0
41756,g12,0,0
41756,g13,0,0
41756,g14,0,0
41756,g15,0,0
41756,g16,0,0
41756,g17,0,0
41756,g18,0,0
41756,g19,0,0
41756,g20,0,0
41756,g21,0,0
41756,g22,2,0
41756,g23,2,0
41756,g24,0,0
41756,h01,0,0
41756,h02,0,0
41756,h03,0,0
41756,h04,0,0
41756,h05,0,0
41756,h06,0,0
41756,h07,0,0
41756,h08,0,0
41756,h09,0,0
41756,h10,0,0
41756,h11,1,0
41756,h12,0,0
41756,h13,0,0
41756,h14,0,0
41756,h15,0,0
41756,h16,0,0
41756,h17,0,0
41756,h18,0,0
41756,h19,0,0
41756,h20,0,0
41756,h21,0,0
41756,h22,0,0
41756,h23,0,0
41756,h24,0,0
41756,i01,0,0
41756,i02,0,0
41756,i03,1,0
41756,i04,0,0
41756,i05,0,0
41756,i06,0,0
41756,i07,0,0
41756,i08,0,0
41756,i09,0,0
41756,i10,0,0
41756,i11,0,0
41756,i12,0,0
41756,i13,0,0
41756,i14,0,0
41756,i15,0,0
41756,i16,0,0
41756,i17,0,0
41756,i18,0,0
41756,i19,0,0
41756,i20,0,0
41756,i21,0,0
41756,i22,0,0
41756,i23,0,0
41756,i24,0,0
41756,j01,0,0
41756,j02,1,0
41756,j03,0,0
41756,j04,0,0
41756,j05,0,0
41756,j06,1,0
41756,j07,0,0
41756,j08,0,0
41756,j09,0,0
41756,j10,0,0
41756,j11,0,0
41756,j12,0,0
41756,j13,0,0
41756,j14,0,0
41756,j15,0,0
41756,j16,0,0
41756,j17,0,0
41756,j18,0,0
41756,j19,0,0
41756,j20,0,0
41756,j21,1,0
41756,j22,0,0
41756,j23,0,0
41756,j24,0,0
41756,k01,0,0
41756,k02,0,0
41756,k03,0,0
41756,k04,1,0
41756,k05,0,0
41756,k06,0,0
41756,k07,0,0
41756,k08,0,0
41756,k09,0,0
41756,k10,0,0
41756,k11,2,0
41756,k12,0,0
41756,k13,0,0
41756,k14,0,0
41756,k15,0,0
41756,k16,0,0
41756,k17,0,0
41756,k18,0,0
41756,k19,0,0
41756,k20,0,0
41756,k21,0,0
41756,k22,0,0
41756,k23,0,0
41756,k24,0,0
41756,l01,0,0
41756,l02,0,0
41756,l03,0,0
41756,l04,0,0
41756,l05,0,0
41756,l06,0,0
41756,l07,0,0
41756,l08,0,0
41756,l09,0,0
41756,l10,0,0
41756,l11,0,0
41756,l12,0,0
41756,l13,1,0
41756,l14,0,0
41756,l15,0,0
41756,l16,0,0
41756,l17,0,0
41756,l18,0,0
41756,l19,0,0
41756,l20,0,0
41756,l21,0,0
41756,l22,0,0
41756,l23,0,0
41756,l24,0,0
41756,m01,0,0
41756,m02,0,0
41756,m03,0,0
41756,m04,1,0
41756,m05,0,0
41756,m06,1,0
41756,m07,0,0
41756,m08,0,0
41756,m09,0,0
41756,m10,0,0
41756,m11,0,0
41756,m12,0,0
41756,m13,0,0
41756,m14,0,0
41756,m15,0,0
41756,m16,0,0
41756,m17,0,0
41756,m18,0,0
41756,m19,0,0
41756,m20,1,0
41756,m21,0,0
41756,m22,1,0
41756,m23,0,0
41756,m24,0,0
41756,n01,0,0
41756,n02,0,0
41756,n03,1,0
41756,n04,0,0
41756,n05,0,0
41756,n06,0,0
41756,n07,0,0
41756,n08,0,0
41756,n09,0,0
41756,n10,0,0
41756,n11,0,0
41756,n12,0,0
41756,n13,0,0
41756,n14,0,0
41756,n15,0,0
41756,n16,0,0
41756,n17,0,0
41756,n18,0,0
41756,n19,0,0
41756,n20,0,0
41756,n21,0,0
41756,n22,1,0
41756,n23,0,0
41756,n24,0,0
41756,o01,0,0
41756,o02,0,0
41756,o03,0,0
41756,o04,0,0
41756,o05,0,0
41756,o06,0,0
41756,o07,0,0
41756,o08,1,0
41756,o09,0,0
41756,o10,0,0
41756,o11,0,0
41756,o12,0,0
41756,o13,0,0
41756,o14,0,0
41756,o15,0,0
41756,o16,0,0
41756,o17,0,0
41756,o18,0,0
41756,o19,0,0
41756,o20,0,0
41756,o21,0,0
41756,o22,0,0
41756,o23,0,0
41756,o24,0,0
41756,p01,0,0
41756,p02,0,0
41756,p03,0,0
41756,p04,0,0
41756,p05,0,0
41756,p06,0,0
41756,p07,0,0
41756,p08,0,0
41756,p09,0,0
41756,p10,1,0
41756,p11,1,0
41756,p12,0,0
41756,p13,0,0
41756,p14,1,0
41756,p15,0,0
41756,p16,0,0
41756,p17,0,0
41756,p18,0,0
41756,p19,2,0
41756,p20,0,0
41756,p21,0,0
41756,p22,1,0
41756,p23,0,0
41756,p24,0,0
41757,a01,0,0
41757,a02,0,0
41757,a03,0,0
41757,a04,0,0
41757,a05,0,0
41757,a06,0,0
41757,a07,0,0
41757,a08,0,0
41757,a09,0,0
41757,a10,0,0
41757,a11,0,0
41757,a12,0,0
41757,a13,0,0
41757,a14,0,0
41757,a15,0,0
41757,a16,0,0
41757,a17,0,0
41757,a18,0,0
41757,a19,0,0
41757,a20,0,0
41757,a21,0,0
41757,a22,0,0
41757,a23,0,0
41757,a24,0,0
41757,b01,0,0
41757,b02,0,0
41757,b03,0,0
41757,b04,0,0
41757,b05,0,0
41757,b06,0,0
41757,b07,0,0
41757,b08,0,0
41757,b09,0,0
41757,b10,0,0
41757,b11,0,0
41757,b12,0,0
41757,b13,0,0
41757,b14,0,0
41757,b15,0,0
41757,b16,0,0
41757,b17,0,0
41757,b18,0,0
41757,b19,0,0
41757,b20,0,0
41757,b21,0,0
41757,b22,0,0
41757,b23,0,0
41757,b24,0,0
41757,c01,0,0
41757,c02,1,0
41757,c03,0,0
41757,c04,0,0
41757,c05,0,0
41757,c06,0,0
41757,c07,0,0
41757,c08,0,0
41757,c09,0,0
41757,c10,0,0
41757,c11,0,0
41757,c12,1,0
41757,c13,0,0
41757,c14,0,0
41757,c15,0,0
41757,c16,0,0
41757,c17,0,0
41757,c18,0,0
41757,c19,0,0
41757,c20,0,0
41757,c21,0,0
41757,c22,0,0
41757,c23,0,0
41757,c24,0,0
41757,d01,0,0
41757,d02,0,0
41757,d03,0,0
41757,d04,0,0
41757,d05,0,0
41757,d06,0,0
41757,d07,0,0
41757,d08,0,0
41757,d09,0,0
41757,d10,0,0
41757,d11,1,0
41757,d12,1,0
41757,d13,0,0
41757,d14,0,0
41757,d15,0,0
41757,d16,0,0
41757,d17,0,0
41757,d18,0,0
41757,d19,0,0
41757,d20,0,0
41757,d21,0,0
41757,d22,0,0
41757,d23,0,0
41757,d24,0,0
41757,e01,0,0
41757,e02,0,0
41757,e03,0,0
41757,e04,0,0
41757,e05,0,0
41757,e06,0,0
41757,e07,0,0
41757,e08,0,0
41757,e09,0,0
41757,e10,0,0
41757,e11,0,0
41757,e12,0,0
41757,e13,0,0
41757,e14,0,0
41757,e15,0,0
41757,e16,0,0
41757,e17,0,0
41757,e18,0,0
41757,e19,0,0
41757,e20,0,0
41757,e21,0,0
41757,e22,0,0
41757,e23,0,0
41757,e24,0,0
41757,f01,1,0
41757,f02,0,0
41757,f03,0,0
41757,f04,0,0
41757,f05,0,0
41757,f06,0,0
41757,f07,0,0
41757,f08,0,0
41757,f09,0,0
41757,f10,0,0
41757,f11,0,0
41757,f12,1,0
41757,f13,0,0
41757,f14,0,0
41757,f15,0,0
41757,f16,0,0
41757,f17,0,0
41757,f18,0,0
41757,f19,0,0
41757,f20,0,0
41757,f21,0,0
41757,f22,1,0
41757,f23,0,0
41757,f24,0,0
41757,g01,0,0
41757,g02,0,0
41757,g03,0,0
41757,g04,0,0
41757,g05,0,0
41757,g06,0,0
41757,g07,0,0
41757,g08,0,0
41757,g09,0,0
41757,g10,0,0
41757,g11,0,0
41757,g12,0,0
41757,g13,0,0
41757,g14,0,0
41757,g15,0,0
41757,g16,0,0
41757,g17,0,0
41757,g18,0,0
41757,g19,0,0
41757,g20,0,0
41757,g21,0,0
41757,g22,0,0
41757,g23,0,0
41757,g24,0,0
41757,h01,0,0
41757,h02,0,0
41757,h03,0,0
41757,h04,0,0
41757,h05,0,0
41757,h06,0,0
41757,h07,0,0
41757,h08,0,0
41757,h09,0,0
41757,h10,0,0
41757,h11,0,0
41757,h12,0,0
41757,h13,1,0
41757,h14,0,0
41757,h15,0,0
41757,h16,0,0
41757,h17,0,0
41757,h18,0,0
41757,h19,0,0
41757,h20,0,0
41757,h21,0,0
41757,h22,0,0
41757,h23,0,0
41757,h24,0,0
41757,i01,0,0
41757,i02,0,0
41757,i03,0,0
41757,i04,0,0
41757,i05,0,0
41757,i06,0,0
41757,i07,0,0
41757,i08,0,0
41757,i09,0,0
41757,i10,0,0
41757,i11,0,0
41757,i12,0,0
41757,i13,0,0
41757,i14,0,0
41757,i15,1,0
41757,i16,0,0
41757,i17,0,0
41757,i18,0,0
41757,i19,0,0
41757,i20,1,0
41757,i21,1,0
41757,i22,0,0
41757,i23,0,0
41757,i24,0,0
41757,j01,0,0
41757,j02,0,0
41757,j03,0,0
41757,j04,0,0
41757,j05,0,0
41757,j06,0,0
41757,j07,0,0
41757,j08,0,0
41757,j09,0,0
41757,j10,0,0
41757,j11,0,0
41757,j12,0,0
41757,j13,0,0
41757,j14,0,0
41757,j15,0,0
41757,j16,0,0
41757,j17,0,0
41757,j18,0,0
41757,j19,0,0
41757,j20,0,0
41757,j21,0,0
41757,j22,0,0
41757,j23,1,0
41757,j24,0,0
41757,k01,0,0
41757,k02,1,0
41757,k03,0,0
41757,k04,1,0
41757,k05,0,0
41757,k06,1,0
41757,k07,0,0
41757,k08,0,0
41757,k09,0,0
41757,k10,0,0
41757,k11,0,0
41757,k12,0,0
41757,k13,0,0
41757,k14,0,0
41757,k15,0,0
41757,k16,0,0
41757,k17,0,0
41757,k18,1,0
41757,k19,0,0
41757,k20,0,0
41757,k21,0,0
41757,k22,0,0
41757,k23,0,0
41757,k24,0,0
41757,l01,0,0
41757,l02,0,0
41757,l03,0,0
41757,l04,2,0
41757,l05,0,0
41757,l06,1,0
41757,l07,0,0
41757,l08,0,0
41757,l09,0,0
41757,l10,0,0
41757,l11,0,0
41757,l12,0,0
41757,l13,0,0
41757,l14,0,0
41757,l15,0,0
41757,l16,0,0
41757,l17,0,0
41757,l18,1,0
41757,l19,0,0
41757,l20,0,0
41757,l21,0,0
41757,l22,0,0
41757,l23,0,0
41757,l24,0,0
41757,m01,0,0
41757,m02,0,0
41757,m03,0,0
41757,m04,0,0
41757,m05,1,0
41757,m06,0,0
41757,m07,0,0
41757,m08,0,0
41757,m09,0,0
41757,m10,0,0
41757,m11,0,0
41757,m12,0,0
41757,m13,0,0
41757,m14,0,0
41757,m15,1,0
41757,m16,0,0
41757,m17,1,0
41757,m18,0,0
41757,m19,0,0
41757,m20,0,0
41757,m21,0,0
41757,m22,0,0
41757,m23,0,0
41757,m24,0,0
41757,n01,0,0
41757,n02,0,0
41757,n03,0,0
41757,n04,1,0
41757,n05,0,0
41757,n06,1,0
41757,n07,0,0
41757,n08,0,0
41757,n09,0,0
41757,n10,0,0
41757,n11,0,0
41757,n12,0,0
41757,n13,0,0
41757,n14,0,0
41757,n15,0,0
41757,n16,0,0
41757,n17,0,0
41757,n18,0,0
41757,n19,0,0
41757,n20,0,0
41757,n21,0,0
41757,n22,0,0
41757,n23,0,0
41757,n24,0,0
41757,o01,0,0
41757,o02,0,0
41757,o03,0,0
41757,o04,0,0
41757,o05,0,0
41757,o06,0,0
41757,o07,0,0
41757,o08,0,0
41757,o09,0,0
41757,o10,0,0
41757,o11,0,0
41757,o12,0,0
41757,o13,0,0
41757,o14,0,0
41757,o15,0,0
41757,o16,0,0
41757,o17,1,0
41757,o18,0,0
41757,o19,1,0
41757,o20,0,0
41757,o21,0,0
41757,o22,0,0
41757,o23,0,0
41757,o24,0,0
41757,p01,0,0
41757,p02,0,0
41757,p03,0,0
41757,p04,0,0
41757,p05,0,0
41757,p06,0,0
41757,p07,0,0
41757,p08,0,0
41757,p09,0,0
41757,p10,0,0
41757,p11,0,2
41757,p12,0,0
41757,p13,0,0
41757,p14,0,0
41757,p15,0,0
41757,p16,0,0
41757,p17,0,0
41757,p18,0,0
41757,p19,0,0
41757,p20,0,0
41757,p21,0,0
41757,p22,0,0
41757,p23,1,0
41757,p24,0,0
